"categoria","nombre","uuid","display_openmrs","fuente","score","flag","alternativas"
"infeccioso","Dengue sin signos de alarma","142592AAAAAAAAAAAAAAAAAAAAAAAAAAAAAA","Dengue","OPENMRS","85","OK",""
"infeccioso","Dengue con signos de alarma","142592AAAAAAAAAAAAAAAAAAAAAAAAAAAAAA","Dengue","OPENMRS","85","OK",""
"infeccioso","Dengue grave (choque/hemorrágico)","142592AAAAAAAAAAAAAAAAAAAAAAAAAAAAAA","Dengue","OPENMRS","85","OK",""
"infeccioso","Chikungunya","120743AAAAAAAAAAAAAAAAAAAAAAAAAAAAAA","Chikungunya haemorrhagic fever","OPENMRS","88","OK","Chikungunya virus IgM antibody detection by immunoassay in serum/plasma (c017f8b9-1b22-42f3-8136-31dc61835a88) [88] || Chikungunya virus real time RT-PCR in serum or plasma (164924AAAAAAAAAAAAAAAAAAAAAAAAAAAAAA) [88] || Chikungunya haemorrhagic fever (120743AAAAAAAAAAAAAAAAAAAAAAAAAAAAAA) [88]"
"infeccioso","Zika","164922AAAAAAAAAAAAAAAAAAAAAAAAAAAAAA","Zika virus real time RT-PCR in urine","OPENMRS","88","OK","Zika virus real time RT-PCR in urine (164922AAAAAAAAAAAAAAAAAAAAAAAAAAAAAA) [88] || Zika virus IgG antibody measurement in serum by neutralization (164934AAAAAAAAAAAAAAAAAAAAAAAAAAAAAA) [88] || Zika virus real time RT-PCR in cerebrospinal fluid (164921AAAAAAAAAAAAAAAAAAAAAAAAAAAAAA) [88]"
"infeccioso","Malaria por *P. vivax*","158379AAAAAAAAAAAAAAAAAAAAAAAAAAAAAA","Paludismo causado por Plasmodium vivax, con ruptura esplénica","OPENMRS","30","REVISAR","Paludismo causado por Plasmodium vivax, con ruptura esplénica (158379AAAAAAAAAAAAAAAAAAAAAAAAAAAAAA) [30] || Other malaria (131377AAAAAAAAAAAAAAAAAAAAAAAAAAAAAA) [15] || paludismo por Plasmodium ovale (131096AAAAAAAAAAAAAAAAAAAAAAAAAAAAAA) [15]"
"infeccioso","Malaria por *P. falciparum*","152295AAAAAAAAAAAAAAAAAAAAAAAAAAAAAA","paludismo causado por Plasmodium falciparum, con complicaciones cerebrales","OPENMRS","30","REVISAR","paludismo causado por Plasmodium falciparum, con complicaciones cerebrales (152295AAAAAAAAAAAAAAAAAAAAAAAAAAAAAA) [30] || paludismo por Plasmodium falciparum (118353AAAAAAAAAAAAAAAAAAAAAAAAAAAAAA) [30] || Other malaria (131377AAAAAAAAAAAAAAAAAAAAAAAAAAAAAA) [15]"
"infeccioso","Enfermedad de Chagas aguda","154947AAAAAAAAAAAAAAAAAAAAAAAAAAAAAA","Enfermedad de Chagas aguda con compromiso cardíaco","OPENMRS","85","OK",""
"infeccioso","Enfermedad de Chagas crónica","119392AAAAAAAAAAAAAAAAAAAAAAAAAAAAAA","enfermedad","OPENMRS","85","OK",""
"infeccioso","Leishmaniasis cutánea","136110AAAAAAAAAAAAAAAAAAAAAAAAAAAAAA","leishmaniasis cutánea tardía","OPENMRS","85","OK",""
"infeccioso","Leishmaniasis mucocutánea","137418AAAAAAAAAAAAAAAAAAAAAAAAAAAAAA","leishmaniasis mucocutánea norteamericana","OPENMRS","85","OK",""
"infeccioso","Tuberculosis pulmonar (BK+)","42AAAAAAAAAAAAAAAAAAAAAAAAAAAAAAAAAA","Tuberculosis pulmonar","CATALOGO","100","OK",""
"infeccioso","Tuberculosis extrapulmonar","112141AAAAAAAAAAAAAAAAAAAAAAAAAAAAAA","Tuberculosis","OPENMRS","85","OK",""
"infeccioso","VIH / SIDA","149197AAAAAAAAAAAAAAAAAAAAAAAAAAAAAA","VIH/SIDA","CATALOGO","100","OK",""
"infeccioso","Influenza (gripe)","116958AAAAAAAAAAAAAAAAAAAAAAAAAAAAAA","Influenza (gripe)","CATALOGO","100","OK",""
"infeccioso","Faringoamigdalitis estreptocócica","166533AAAAAAAAAAAAAAAAAAAAAAAAAAAAAA","Faringoamigdalitis","OPENMRS","85","OK",""
"infeccioso","Geohelmintiasis (parasitosis intestinal)","116699AAAAAAAAAAAAAAAAAAAAAAAAAAAAAA","helmintiasis intestinal","OPENMRS","95","OK",""
"infeccioso","Amebiasis intestinal","145315AAAAAAAAAAAAAAAAAAAAAAAAAAAAAA","amebiasis intestinal crónica","OPENMRS","85","OK",""
"infeccioso","Giardiasis","137433AAAAAAAAAAAAAAAAAAAAAAAAAAAAAA","Lambliasis","OPENMRS","0","REVISAR","Lambliasis (137433AAAAAAAAAAAAAAAAAAAAAAAAAAAAAA) [0]"
"infeccioso","Enfermedad diarreica aguda infecciosa","119429AAAAAAAAAAAAAAAAAAAAAAAAAAAAAA","enfermedad diarreica","OPENMRS","85","OK",""
"infeccioso","Fiebre tifoidea","141AAAAAAAAAAAAAAAAAAAAAAAAAAAAAAAAA","Fiebre tifoidea","CATALOGO","100","OK",""
"infeccioso","Leptospirosis","116341AAAAAAAAAAAAAAAAAAAAAAAAAAAAAA","Leptospirosis","CATALOGO","100","OK",""
"infeccioso","Hepatitis A","77422AAAAAAAAAAAAAAAAAAAAAAAAAAAAAAA","Hepatitis A preparation","OPENMRS","85","OK",""
"infeccioso","Hepatitis B","77429AAAAAAAAAAAAAAAAAAAAAAAAAAAAAAA","Hepatitis B vaccine","OPENMRS","85","OK",""
"infeccioso","Hepatitis C","149743AAAAAAAAAAAAAAAAAAAAAAAAAAAAAA","hepatitis C aguda","OPENMRS","85","OK",""
"infeccioso","Escabiosis (sarna)","140AAAAAAAAAAAAAAAAAAAAAAAAAAAAAAAAA","Escabiosis","CATALOGO","100","OK",""
"infeccioso","Pediculosis","130667AAAAAAAAAAAAAAAAAAAAAAAAAAAAAA","pediculosis capilar","OPENMRS","88","OK","pediculosis capilar (130667AAAAAAAAAAAAAAAAAAAAAAAAAAAAAA) [88] || pediculosis corporis (130666AAAAAAAAAAAAAAAAAAAAAAAAAAAAAA) [88] || infestación mixta por pediculosis (134037AAAAAAAAAAAAAAAAAAAAAAAAAAAAAA) [80]"
"infeccioso","Celulitis bacteriana","155231AAAAAAAAAAAAAAAAAAAAAAAAAAAAAA","Celulitis bacteriana","OPENMRS","100","OK",""
"infeccioso","Absceso cutáneo","150632AAAAAAAAAAAAAAAAAAAAAAAAAAAAAA","absceso","OPENMRS","85","OK",""
"infeccioso","Infección urinaria (cistitis)","111633AAAAAAAAAAAAAAAAAAAAAAAAAAAAAA","Infeccion urinaria","CATALOGO","100","OK",""
"infeccioso","Neumonía adquirida en comunidad","114100AAAAAAAAAAAAAAAAAAAAAAAAAAAAAA","neumonía","OPENMRS","85","OK",""
"infeccioso","Bronquiolitis (VRS)","121009AAAAAAAAAAAAAAAAAAAAAAAAAAAAAA","Bronquiolitis","CATALOGO","100","OK",""
"infeccioso","Otitis media aguda","149609AAAAAAAAAAAAAAAAAAAAAAAAAAAAAA","Otitis media aguda","CATALOGO","100","OK",""
"infeccioso","Sinusitis bacteriana aguda","149891AAAAAAAAAAAAAAAAAAAAAAAAAAAAAA","sinusitis bacteriana aguda","OPENMRS","100","OK",""
"infeccioso","Conjuntivitis infecciosa","117024AAAAAAAAAAAAAAAAAAAAAAAAAAAAAA","conjuntivitis infecciosa","OPENMRS","100","OK",""
"infeccioso","Varicela","5c46caf2-3062-4a04-bb99-fe1fae98e6db","Varicela","CATALOGO","100","OK",""
"infeccioso","Sarampión","134561AAAAAAAAAAAAAAAAAAAAAAAAAAAAAA","sarampión","OPENMRS","100","OK","sarampión (134561AAAAAAAAAAAAAAAAAAAAAAAAAAAAAA) [100] || sarampión con complicaciones intestinales (152208AAAAAAAAAAAAAAAAAAAAAAAAAAAAAA) [88] || sarampión complicado (115885AAAAAAAAAAAAAAAAAAAAAAAAAAAAAA) [88]"
"infeccioso","Rubéola","113205AAAAAAAAAAAAAAAAAAAAAAAAAAAAAA","rubéola","OPENMRS","100","OK","rubéola (113205AAAAAAAAAAAAAAAAAAAAAAAAAAAAAA) [100] || rubéola escarlatinoide (127306AAAAAAAAAAAAAAAAAAAAAAAAAAAAAA) [88] || artritis por rubéola (127315AAAAAAAAAAAAAAAAAAAAAAAAAAAAAA) [80]"
"infeccioso","Parotiditis (paperas)","133671AAAAAAAAAAAAAAAAAAAAAAAAAAAAAA","parotiditis","OPENMRS","100","OK","parotiditis (133671AAAAAAAAAAAAAAAAAAAAAAAAAAAAAA) [100] || parotiditis sin complicación (152238AAAAAAAAAAAAAAAAAAAAAAAAAAAAAA) [88] || parotiditis con complicación (115486AAAAAAAAAAAAAAAAAAAAAAAAAAAAAA) [88]"
"infeccioso","Tos ferina (pertussis)","114190AAAAAAAAAAAAAAAAAAAAAAAAAAAAAA","tos ferina","OPENMRS","100","OK",""
"infeccioso","Mononucleosis infecciosa","137275AAAAAAAAAAAAAAAAAAAAAAAAAAAAAA","Mononucleosis infecciosa","CATALOGO","100","OK",""
"infeccioso","Micosis superficial (tiña/dermatofitosis)","111177AAAAAAAAAAAAAAAAAAAAAAAAAAAAAA","micosis superficial","OPENMRS","100","OK",""
"infeccioso","Candidiasis","120939AAAAAAAAAAAAAAAAAAAAAAAAAAAAAA","Candidiasis","OPENMRS","100","OK","Candidiasis (120939AAAAAAAAAAAAAAAAAAAAAAAAAAAAAA) [100] || candidiasis neonatal (133418AAAAAAAAAAAAAAAAAAAAAAAAAAAAAA) [88] || candidiasis anogenital (148705AAAAAAAAAAAAAAAAAAAAAAAAAAAAAA) [88]"
"infeccioso","Sífilis","112492AAAAAAAAAAAAAAAAAAAAAAAAAAAAAA","sífilis","OPENMRS","100","OK","sífilis (112492AAAAAAAAAAAAAAAAAAAAAAAAAAAAAA) [100] || sífilis adquirida (149984AAAAAAAAAAAAAAAAAAAAAAAAAAAAAA) [88] || sífilis tardía (116369AAAAAAAAAAAAAAAAAAAAAAAAAAAAAA) [88]"
"infeccioso","Gonorrea","117767AAAAAAAAAAAAAAAAAAAAAAAAAAAAAA","gonorrea","OPENMRS","100","OK","gonorrea (117767AAAAAAAAAAAAAAAAAAAAAAAAAAAAAA) [100] || gonorrea crónica (145365AAAAAAAAAAAAAAAAAAAAAAAAAAAAAA) [88] || gonorrea aguda del aparato genitourinario superior (122037AAAAAAAAAAAAAAAAAAAAAAAAAAAAAA) [88]"
"infeccioso","Clamidiasis","120728AAAAAAAAAAAAAAAAAAAAAAAAAAAAAA","infección clamidial","OPENMRS","95","OK",""
"infeccioso","Brucelosis","121005AAAAAAAAAAAAAAAAAAAAAAAAAAAAAA","brucelosis","OPENMRS","100","OK","brucelosis (121005AAAAAAAAAAAAAAAAAAAAAAAAAAAAAA) [100] || infección por Brucella melitensis (146480AAAAAAAAAAAAAAAAAAAAAAAAAAAAAA) [0] || infección por Brucella suis (129500AAAAAAAAAAAAAAAAAAAAAAAAAAAAAA) [0]"
"infeccioso","Rabia (profilaxis post-exposición)","127959AAAAAAAAAAAAAAAAAAAAAAAAAAAAAA","rabia","OPENMRS","100","OK","rabia (127959AAAAAAAAAAAAAAAAAAAAAAAAAAAAAA) [100] || rabia urbana (123558AAAAAAAAAAAAAAAAAAAAAAAAAAAAAA) [88] || rabia selvática (125195AAAAAAAAAAAAAAAAAAAAAAAAAAAAAA) [88]"
"infeccioso","Lepra (enfermedad de Hansen)","116344AAAAAAAAAAAAAAAAAAAAAAAAAAAAAA","lepra","OPENMRS","100","OK","lepra (116344AAAAAAAAAAAAAAAAAAAAAAAAAAAAAA) [100] || lepra lepromatosa (135898AAAAAAAAAAAAAAAAAAAAAAAAAAAAAA) [88] || lepra tuberculoide (112163AAAAAAAAAAAAAAAAAAAAAAAAAAAAAA) [88]"
"infeccioso","COVID-19","165933AAAAAAAAAAAAAAAAAAAAAAAAAAAAAA","COVID-19","OPENMRS","100","OK","COVID-19 (165933AAAAAAAAAAAAAAAAAAAAAAAAAAAAAA) [100] || COVID-19 program (166009AAAAAAAAAAAAAAAAAAAAAAAAAAAAAA) [88] || COVID-19 restrictions (b05585e2-545e-4425-9dcc-02e0b696d262) [88]"
"respiratorio","Resfriado común (rinofaringitis aguda)","133483AAAAAAAAAAAAAAAAAAAAAAAAAAAAAA","Resfriado comun (rinofaringitis aguda)","CATALOGO","100","OK",""
"respiratorio","Faringitis aguda viral","149579AAAAAAAAAAAAAAAAAAAAAAAAAAAAAA","faringitis aguda","OPENMRS","85","OK",""
"respiratorio","Laringitis aguda","149716AAAAAAAAAAAAAAAAAAAAAAAAAAAAAA","Laringitis aguda","CATALOGO","100","OK",""
"respiratorio","Bronquitis aguda","10AAAAAAAAAAAAAAAAAAAAAAAAAAAAAAAAAA","Bronquitis aguda","CATALOGO","100","OK",""
"respiratorio","Asma bronquial","121375AAAAAAAAAAAAAAAAAAAAAAAAAAAAAA","Asma bronquial","CATALOGO","100","OK",""
"respiratorio","Crisis asmática","116632AAAAAAAAAAAAAAAAAAAAAAAAAAAAAA","asma intrínseca con crisis asmática","OPENMRS","80","OK","asma intrínseca con crisis asmática (116632AAAAAAAAAAAAAAAAAAAAAAAAAAAAAA) [80] || Crisis afectiva (161036AAAAAAAAAAAAAAAAAAAAAAAAAAAAAA) [30] || Crisis de dolor (165590AAAAAAAAAAAAAAAAAAAAAAAAAAAAAA) [30]"
"respiratorio","EPOC","157809AAAAAAAAAAAAAAAAAAAAAAAAAAAAAA","EPOC","CATALOGO","100","OK",""
"respiratorio","Exacerbación de EPOC","166093AAAAAAAAAAAAAAAAAAAAAAAAAAAAAA","Exacerbación aguda de la enfermedad pulmonar obstructiva crónica","OPENMRS","40","REVISAR","Exacerbación de insuficiencia cardíaca congestiva (162212AAAAAAAAAAAAAAAAAAAAAAAAAAAAAA) [40] || Exacerbación aguda de bronquitis crónica (154953AAAAAAAAAAAAAAAAAAAAAAAAAAAAAA) [40] || exacerbación aguda de esquizofrenia latente crónica (149820AAAAAAAAAAAAAAAAAAAAAAAAAAAAAA) [40]"
"respiratorio","Rinitis alérgica","121692AAAAAAAAAAAAAAAAAAAAAAAAAAAAAA","Rinitis alergica","CATALOGO","100","OK",""
"respiratorio","Neumonía atípica","113809AAAAAAAAAAAAAAAAAAAAAAAAAAAAAA","neumonía atípica","OPENMRS","100","OK",""
"respiratorio","Crup (laringotraqueítis)","143193AAAAAAAAAAAAAAAAAAAAAAAAAAAAAA","crup","OPENMRS","100","OK","crup (143193AAAAAAAAAAAAAAAAAAAAAAAAAAAAAA) [100] || eventración congénita del orificio diafragmático izquierdo (143968AAAAAAAAAAAAAAAAAAAAAAAAAAAAAA) [0] || mordida en cruz anterior (121560AAAAAAAAAAAAAAAAAAAAAAAAAAAAAA) [0]"
"respiratorio","Epiglotitis","118567AAAAAAAAAAAAAAAAAAAAAAAAAAAAAA","epiglotitis","OPENMRS","100","OK","epiglotitis (118567AAAAAAAAAAAAAAAAAAAAAAAAAAAAAA) [100] || epiglotitis por Haemophilus influenzae (139168AAAAAAAAAAAAAAAAAAAAAAAAAAAAAA) [88] || epiglotitis aguda con obstrucción (122070AAAAAAAAAAAAAAAAAAAAAAAAAAAAAA) [88]"
"respiratorio","Apnea obstructiva del sueño","148517AAAAAAAAAAAAAAAAAAAAAAAAAAAAAA","apnea","OPENMRS","85","OK",""
"respiratorio","Derrame pleural","114108AAAAAAAAAAAAAAAAAAAAAAAAAAAAAA","Derrame pleural","CATALOGO","100","OK",""
"respiratorio","Neumotórax","122657AAAAAAAAAAAAAAAAAAAAAAAAAAAAAA","neumotórax","OPENMRS","100","OK","neumotórax (122657AAAAAAAAAAAAAAAAAAAAAAAAAAAAAA) [100] || neumotórax espontáneo (126071AAAAAAAAAAAAAAAAAAAAAAAAAAAAAA) [88] || neumotórax a tensión (124983AAAAAAAAAAAAAAAAAAAAAAAAAAAAAA) [88]"
"respiratorio","Bronquiectasias","121011AAAAAAAAAAAAAAAAAAAAAAAAAAAAAA","bronquiectasia","OPENMRS","88","OK","bronquiectasia (121011AAAAAAAAAAAAAAAAAAAAAAAAAAAAAA) [88] || bronquiectasia cilíndrica (143035AAAAAAAAAAAAAAAAAAAAAAAAAAAAAA) [0] || bronquiectasia en el adulto (149353AAAAAAAAAAAAAAAAAAAAAAAAAAAAAA) [0]"
"respiratorio","Fibrosis pulmonar","140185AAAAAAAAAAAAAAAAAAAAAAAAAAAAAA","fibrosis pulmonar","OPENMRS","100","OK",""
"respiratorio","Enfisema pulmonar","136721AAAAAAAAAAAAAAAAAAAAAAAAAAAAAA","enfisema pulmonar intersticial","OPENMRS","85","OK",""
"respiratorio","Neumoconiosis/silicosis","130027AAAAAAAAAAAAAAAAAAAAAAAAAAAAAA","neumoconiosis","OPENMRS","85","OK",""
"respiratorio","Hemoptisis","138905AAAAAAAAAAAAAAAAAAAAAAAAAAAAAA","hemoptisis","OPENMRS","100","OK","hemoptisis (138905AAAAAAAAAAAAAAAAAAAAAAAAAAAAAA) [100]"
"respiratorio","Tos crónica","145455AAAAAAAAAAAAAAAAAAAAAAAAAAAAAA","tos crónica","OPENMRS","100","OK",""
"respiratorio","Sinusitis crónica","120563AAAAAAAAAAAAAAAAAAAAAAAAAAAAAA","Sinusitis crónica","CATALOGO","100","OK",""
"respiratorio","Amigdalitis recurrente","112AAAAAAAAAAAAAAAAAAAAAAAAAAAAAAAAA","amigdalitis","OPENMRS","85","OK",""
"respiratorio","Insuficiencia respiratoria aguda","121846AAAAAAAAAAAAAAAAAAAAAAAAAAAAAA","insuficiencia respiratoria aguda","OPENMRS","100","OK",""
"respiratorio","Influenza con complicación respiratoria","137172AAAAAAAAAAAAAAAAAAAAAAAAAAAAAA","influenza con encefalopatía","OPENMRS","30","REVISAR","Gripe con neumonía, virus influenza identificado (156818AAAAAAAAAAAAAAAAAAAAAAAAAAAAAA) [30] || influenza con manifestaciones no respiratorias (137169AAAAAAAAAAAAAAAAAAAAAAAAAAAAAA) [30] || influenza con otras manifestaciones respiratorias, excepto neumonía (137166AAAAAAAAAAAAAAAAAAAAAAAAAAAAAA) [30]"
"respiratorio","Faringitis crónica","145214AAAAAAAAAAAAAAAAAAAAAAAAAAAAAA","faringitis crónica","OPENMRS","100","OK",""
"respiratorio","Resfriado complicado (otitis/sinusitis)","126423AAAAAAAAAAAAAAAAAAAAAAAAAAAAAA","Sinusitis","OPENMRS","72","REVISAR","Sinusitis (126423AAAAAAAAAAAAAAAAAAAAAAAAAAAAAA) [72] || otitis (131115AAAAAAAAAAAAAAAAAAAAAAAAAAAAAA) [72] || sinusitis esfenoidal (112838AAAAAAAAAAAAAAAAAAAAAAAAAAAAAA) [15]"
"cardiovascular","Hipertensión arterial esencial","140987AAAAAAAAAAAAAAAAAAAAAAAAAAAAAA","hipertensión arterial esencial","CATALOGO","100","OK",""
"cardiovascular","Crisis hipertensiva","161644AAAAAAAAAAAAAAAAAAAAAAAAAAAAAA","Urgencia hipertensiva","OPENMRS","30","REVISAR","Crisis afectiva (161036AAAAAAAAAAAAAAAAAAAAAAAAAAAAAA) [30] || Crisis de dolor (165590AAAAAAAAAAAAAAAAAAAAAAAAAAAAAA) [30] || Urgencia hipertensiva (161644AAAAAAAAAAAAAAAAAAAAAAAAAAAAAA) [30]"
"cardiovascular","Cardiopatía isquémica crónica (angina)","120626AAAAAAAAAAAAAAAAAAAAAAAAAAAAAA","cardiopatía isquémica crónica","OPENMRS","100","OK",""
"cardiovascular","Infarto agudo de miocardio","121958AAAAAAAAAAAAAAAAAAAAAAAAAAAAAA","Infarto agudo de miocardio","CATALOGO","100","OK",""
"cardiovascular","Insuficiencia cardíaca","111000AAAAAAAAAAAAAAAAAAAAAAAAAAAAAA","Insuficiencia cardiaca","CATALOGO","100","OK",""
"cardiovascular","Accidente cerebrovascular isquémico","164960AAAAAAAAAAAAAAAAAAAAAAAAAAAAAA","Accidente cerebrovascular isquemico","CATALOGO","100","OK",""
"cardiovascular","Accidente cerebrovascular hemorrágico","111103AAAAAAAAAAAAAAAAAAAAAAAAAAAAAA","accidente cerebrovascular","OPENMRS","85","OK",""
"cardiovascular","Fibrilación auricular","148203AAAAAAAAAAAAAAAAAAAAAAAAAAAAAA","Fibrilacion auricular","CATALOGO","100","OK",""
"cardiovascular","Dislipidemia (hipercolesterolemia)","141623AAAAAAAAAAAAAAAAAAAAAAAAAAAAAA","Dislipidemia","CATALOGO","100","OK",""
"cardiovascular","Enfermedad arterial periférica","114230AAAAAAAAAAAAAAAAAAAAAAAAAAAAAA","enfermedad arterial periférica oclusiva","OPENMRS","85","OK",""
"cardiovascular","Trombosis venosa profunda","121570AAAAAAAAAAAAAAAAAAAAAAAAAAAAAA","trombosis venosa profunda prenatal","OPENMRS","85","OK",""
"cardiovascular","Embolia pulmonar","158653AAAAAAAAAAAAAAAAAAAAAAAAAAAAAA","Embolia pulmonar recurrente","OPENMRS","85","OK",""
"cardiovascular","Várices de miembros inferiores","123356AAAAAAAAAAAAAAAAAAAAAAAAAAAAAA","várices","OPENMRS","85","OK",""
"cardiovascular","Cardiopatía hipertensiva","117386AAAAAAAAAAAAAAAAAAAAAAAAAAAAAA","cardiopatía hipertensiva","OPENMRS","100","OK",""
"cardiovascular","Valvulopatía reumática","113237AAAAAAAAAAAAAAAAAAAAAAAAAAAAAA","valvulopatía reumática","OPENMRS","100","OK",""
"cardiovascular","Fiebre reumática aguda","149533AAAAAAAAAAAAAAAAAAAAAAAAAAAAAA","fiebre reumática aguda con valvulitis","OPENMRS","85","OK",""
"cardiovascular","Miocardiopatía chagásica","5016AAAAAAAAAAAAAAAAAAAAAAAAAAAAAAAA","Miocardiopatía","OPENMRS","85","OK",""
"cardiovascular","Endocarditis infecciosa","137261AAAAAAAAAAAAAAAAAAAAAAAAAAAAAA","endocarditis infecciosa","OPENMRS","100","OK",""
"cardiovascular","Pericarditis aguda","121875AAAAAAAAAAAAAAAAAAAAAAAAAAAAAA","pericarditis aguda","OPENMRS","100","OK",""
"cardiovascular","Arritmia (taquicardia supraventricular)","120148AAAAAAAAAAAAAAAAAAAAAAAAAAAAAA","Arritmia cardíaca","OPENMRS","88","OK","Arritmia cardíaca (120148AAAAAAAAAAAAAAAAAAAAAAAAAAAAAA) [88] || arritmia ventricular por reentrada (152323AAAAAAAAAAAAAAAAAAAAAAAAAAAAAA) [88] || arritmia auricular (148205AAAAAAAAAAAAAAAAAAAAAAAAAAAAAA) [88]"
"cardiovascular","Hipotensión ortostática","164963AAAAAAAAAAAAAAAAAAAAAAAAAAAAAA","Síncope debido a hipotensión ortostática","OPENMRS","80","OK","Síncope debido a hipotensión ortostática (164963AAAAAAAAAAAAAAAAAAAAAAAAAAAAAA) [80] || síndrome parkinsoniano asociado con hipotensión ortostática idiopática (130797AAAAAAAAAAAAAAAAAAAAAAAAAAAAAA) [80] || hipotensión arterial ortostática crónica (145262AAAAAAAAAAAAAAAAAAAAAAAAAAAAAA) [60]"
"cardiovascular","Aneurisma aórtico","121534AAAAAAAAAAAAAAAAAAAAAAAAAAAAAA","aneurisma aórtico","OPENMRS","100","OK",""
"cardiovascular","Cor pulmonale","143381AAAAAAAAAAAAAAAAAAAAAAAAAAAAAA","cor pulmonale","OPENMRS","100","OK",""
"cardiovascular","Síncope cardiogénico","125166AAAAAAAAAAAAAAAAAAAAAAAAAAAAAA","síncope","OPENMRS","85","OK",""
"diabetes","Diabetes mellitus tipo 2","119481AAAAAAAAAAAAAAAAAAAAAAAAAAAAAA","Diabetes mellitus tipo 2","CATALOGO","100","OK",""
"diabetes","Diabetes mellitus tipo 1","159188AAAAAAAAAAAAAAAAAAAAAAAAAAAAAA","Diabetes mellitus tipo 1","CATALOGO","100","OK",""
"diabetes","Diabetes gestacional","1449AAAAAAAAAAAAAAAAAAAAAAAAAAAAAAAA","Diabetes gestacional","OPENMRS","100","OK",""
"diabetes","Cetoacidosis diabética","119441AAAAAAAAAAAAAAAAAAAAAAAAAAAAAA","Cetoacidosis diabetica","CATALOGO","100","OK",""
"diabetes","Estado hiperosmolar hiperglucémico","49dd47cf-1e92-4cd9-b759-8a4a107f2ef9","Estado hiperosmolar no cetósico debido a diabetes mellitus","OPENMRS","40","REVISAR","Estado hiperosmolar no cetósico debido a diabetes mellitus (49dd47cf-1e92-4cd9-b759-8a4a107f2ef9) [40] || estado diabético hiperosmolar no cetósico (142447AAAAAAAAAAAAAAAAAAAAAAAAAAAAAA) [40] || Urgente (estado) (1883AAAAAAAAAAAAAAAAAAAAAAAAAAAAAAAA) [20]"
"diabetes","Hipoglucemia","126072AAAAAAAAAAAAAAAAAAAAAAAAAAAAAA","Hipoglucemia","CATALOGO","100","OK",""
"diabetes","Retinopatía diabética","142429AAAAAAAAAAAAAAAAAAAAAAAAAAAAAA","retinopatía diabética","CATALOGO","100","OK",""
"diabetes","Nefropatía diabética","142431AAAAAAAAAAAAAAAAAAAAAAAAAAAAAA","Nefropatia diabetica","CATALOGO","100","OK",""
"diabetes","Neuropatía diabética","153741AAAAAAAAAAAAAAAAAAAAAAAAAAAAAA","neuropatía diabética","OPENMRS","100","OK",""
"diabetes","Pie diabético (úlcera/infección)","142452AAAAAAAAAAAAAAAAAAAAAAAAAAAAAA","Pie diabetico","CATALOGO","100","OK",""
"diabetes","Diabetes mal controlada (descompensada)","134721AAAAAAAAAAAAAAAAAAAAAAAAAAAAAA","diabetes mellitus relacionada con la desnutrición","OPENMRS","20","REVISAR","Diabetes mellitus relacionada con desnutrición, con complicaciones renales (157653AAAAAAAAAAAAAAAAAAAAAAAAAAAAAA) [20] || Diabetes mellitus relacionada con desnutrición, con complicaciones circulatorias periféricas (157652AAAAAAAAAAAAAAAAAAAAAAAAAAAAAA) [20] || Diabetes gestacional (1449AAAAAAAAAAAAAAAAAAAAAAAAAAAAAAAA) [20]"
"diabetes","Prediabetes (intolerancia a la glucosa)","154216AAAAAAAAAAAAAAAAAAAAAAAAAAAAAA","Diabetes mellitus gestacional o intolerancia a la glucosa, clasificación H modificada según White","OPENMRS","48","REVISAR","Diabetes mellitus gestacional o intolerancia a la glucosa, clasificación H modificada según White (154216AAAAAAAAAAAAAAAAAAAAAAAAAAAAAA) [48]"
"digestivo","Gastroenteritis aguda","117889AAAAAAAAAAAAAAAAAAAAAAAAAAAAAA","Gastroenteritis aguda (EDA)","CATALOGO","100","OK",""
"digestivo","Gastritis aguda","149780AAAAAAAAAAAAAAAAAAAAAAAAAAAAAA","Gastritis aguda","CATALOGO","100","OK",""
"digestivo","Enfermedad por reflujo gastroesofágico","1293AAAAAAAAAAAAAAAAAAAAAAAAAAAAAAAA","Enfermedad por reflujo gastroesofagico","CATALOGO","100","OK",""
"digestivo","Úlcera péptica","114262AAAAAAAAAAAAAAAAAAAAAAAAAAAAAA","úlcera péptica","OPENMRS","100","OK",""
"digestivo","Infección por *Helicobacter pylori*","139041AAAAAAAAAAAAAAAAAAAAAAAAAAAAAA","infección del tracto gastrointestinal por Helicobacter pylori","OPENMRS","60","REVISAR","infección del tracto gastrointestinal por Helicobacter pylori (139041AAAAAAAAAAAAAAAAAAAAAAAAAAAAAA) [60] || infección por Ascomycetes (137503AAAAAAAAAAAAAAAAAAAAAAAAAAAAAA) [30] || infección por Buxtonella (137482AAAAAAAAAAAAAAAAAAAAAAAAAAAAAA) [30]"
"digestivo","Síndrome de intestino irritable","157375AAAAAAAAAAAAAAAAAAAAAAAAAAAAAA","Síndrome de intestino irritable caracterizado por estreñimiento","OPENMRS","85","OK",""
"digestivo","Estreñimiento crónico","145461AAAAAAAAAAAAAAAAAAAAAAAAAAAAAA","estreñimiento crónico","CATALOGO","100","OK",""
"digestivo","Apendicitis aguda","149906AAAAAAAAAAAAAAAAAAAAAAAAAAAAAA","Apendicitis aguda","CATALOGO","100","OK",""
"digestivo","Colelitiasis / cólico biliar","145625AAAAAAAAAAAAAAAAAAAAAAAAAAAAAA","Colelitiasis","OPENMRS","85","OK",""
"digestivo","Colecistitis aguda","122101AAAAAAAAAAAAAAAAAAAAAAAAAAAAAA","Colecistitis aguda","CATALOGO","100","OK",""
"digestivo","Pancreatitis aguda","149607AAAAAAAAAAAAAAAAAAAAAAAAAAAAAA","Pancreatitis aguda","CATALOGO","100","OK",""
"digestivo","Hepatitis viral aguda","149471AAAAAAAAAAAAAAAAAAAAAAAAAAAAAA","hepatitis viral aguda","OPENMRS","100","OK",""
"digestivo","Cirrosis hepática","145091AAAAAAAAAAAAAAAAAAAAAAAAAAAAAA","Cirrosis hepatica","CATALOGO","100","OK",""
"digestivo","Hígado graso no alcohólico","140498AAAAAAAAAAAAAAAAAAAAAAAAAAAAAA","hígado graso","OPENMRS","85","OK",""
"digestivo","Hemorroides","138849AAAAAAAAAAAAAAAAAAAAAAAAAAAAAA","hemorroides","OPENMRS","100","OK","hemorroides (138849AAAAAAAAAAAAAAAAAAAAAAAAAAAAAA) [100] || Hemorroides puerperal (156585AAAAAAAAAAAAAAAAAAAAAAAAAAAAAA) [88] || hemorroides externas (140888AAAAAAAAAAAAAAAAAAAAAAAAAAAAAA) [88]"
"digestivo","Fisura anal","122733AAAAAAAAAAAAAAAAAAAAAAAAAAAAAA","fisura anal","OPENMRS","100","OK",""
"digestivo","Enfermedad diarreica persistente","119429AAAAAAAAAAAAAAAAAAAAAAAAAAAAAA","enfermedad diarreica","OPENMRS","85","OK",""
"digestivo","Parasitosis intestinal mixta","136614AAAAAAAAAAAAAAAAAAAAAAAAAAAAAA","parasitosis intraeritrocítica por Entopolypoides","OPENMRS","20","REVISAR","parasitosis intraeritrocítica por Nuttallia (136613AAAAAAAAAAAAAAAAAAAAAAAAAAAAAA) [20] || parasitosis intraeritrocítica por Entopolypoides (136614AAAAAAAAAAAAAAAAAAAAAAAAAAAAAA) [20]"
"digestivo","Teniasis / cisticercosis","142986AAAAAAAAAAAAAAAAAAAAAAAAAAAAAA","cisticercosis","OPENMRS","72","REVISAR","cisticercosis (142986AAAAAAAAAAAAAAAAAAAAAAAAAAAAAA) [72] || Cisticercosis del sistema nerviosa central (155838AAAAAAAAAAAAAAAAAAAAAAAAAAAAAA) [30] || cisticercosis cerebral (110508AAAAAAAAAAAAAAAAAAAAAAAAAAAAAA) [30]"
"digestivo","Gastroenteritis por rotavirus","117889AAAAAAAAAAAAAAAAAAAAAAAAAAAAAA","Gastroenteritis","OPENMRS","85","OK",""
"digestivo","Intoxicación alimentaria","156805AAAAAAAAAAAAAAAAAAAAAAAAAAAAAA","Intoxicación alimentaria infecciosa","OPENMRS","85","OK",""
"digestivo","Hernia inguinal","116954AAAAAAAAAAAAAAAAAAAAAAAAAAAAAA","hernia inguinal","OPENMRS","100","OK",""
"digestivo","Hernia umbilical","132535AAAAAAAAAAAAAAAAAAAAAAAAAAAAAA","hernia umbilical obstruida","OPENMRS","85","OK",""
"digestivo","Enfermedad inflamatoria intestinal","137197AAAAAAAAAAAAAAAAAAAAAAAAAAAAAA","enfermedad inflamatoria intestinal","OPENMRS","100","OK",""
"digestivo","Dispepsia funcional","111AAAAAAAAAAAAAAAAAAAAAAAAAAAAAAAAA","Dispepsia","OPENMRS","85","OK",""
"digestivo","Hemorragia digestiva alta","123569AAAAAAAAAAAAAAAAAAAAAAAAAAAAAA","hemorragia digestiva alta","OPENMRS","100","OK",""
"digestivo","Cáncer gástrico","128706AAAAAAAAAAAAAAAAAAAAAAAAAAAAAA","neoplasia maligna primaria del estómago","OPENMRS","95","OK","Cancer disease status (163050AAAAAAAAAAAAAAAAAAAAAAAAAAAAAA) [30] || Cancer marker panel (161497AAAAAAAAAAAAAAAAAAAAAAAAAAAAAA) [30] || TNM cancer classification (160817AAAAAAAAAAAAAAAAAAAAAAAAAAAAAA) [30]"
"osteomuscular","Lumbalgia inespecífica","116225AAAAAAAAAAAAAAAAAAAAAAAAAAAAAA","lumbalgia","OPENMRS","85","OK",""
"osteomuscular","Cervicalgia","133469AAAAAAAAAAAAAAAAAAAAAAAAAAAAAA","Cervicalgia","CATALOGO","100","OK",""
"osteomuscular","Osteoartritis (artrosis)","158133AAAAAAAAAAAAAAAAAAAAAAAAAAAAAA","osteoartritis, hombro","OPENMRS","88","OK","Osteoartritis de la muñeca (110505AAAAAAAAAAAAAAAAAAAAAAAAAAAAAA) [88] || osteoartritis, hombro (158133AAAAAAAAAAAAAAAAAAAAAAAAAAAAAA) [88] || Osteoartritis primaria del codo, localizada (157529AAAAAAAAAAAAAAAAAAAAAAAAAAAAAA) [88]"
"osteomuscular","Artritis reumatoide","127417AAAAAAAAAAAAAAAAAAAAAAAAAAAAAA","Artritis reumatoide","CATALOGO","100","OK",""
"osteomuscular","Gota","162356AAAAAAAAAAAAAAAAAAAAAAAAAAAAAA","Gota","CATALOGO","100","OK",""
"osteomuscular","Tendinitis","124992AAAAAAAAAAAAAAAAAAAAAAAAAAAAAA","Tendinitis","CATALOGO","100","OK",""
"osteomuscular","Bursitis","146620AAAAAAAAAAAAAAAAAAAAAAAAAAAAAA","Bursitis","CATALOGO","100","OK",""
"osteomuscular","Esguince de tobillo","126055AAAAAAAAAAAAAAAAAAAAAAAAAAAAAA","esguince de tobillo y pie","OPENMRS","85","OK",""
"osteomuscular","Fascitis plantar","130093AAAAAAAAAAAAAAAAAAAAAAAAAAAAAA","fascitis plantar","OPENMRS","100","OK",""
"osteomuscular","Hombro doloroso (síndrome de manguito)","113207AAAAAAAAAAAAAAAAAAAAAAAAAAAAAA","síndrome del manguito de los rotadores","OPENMRS","36","REVISAR","síndrome del manguito de los rotadores (113207AAAAAAAAAAAAAAAAAAAAAAAAAAAAAA) [36] || síndrome del manguito rotador del hombro y trastornos relacionados (113210AAAAAAAAAAAAAAAAAAAAAAAAAAAAAA) [36] || distocia de hombro (112980AAAAAAAAAAAAAAAAAAAAAAAAAAAAAA) [30]"
"osteomuscular","Hernia discal lumbar","138714AAAAAAAAAAAAAAAAAAAAAAAAAAAAAA","hernia discal","OPENMRS","85","OK",""
"osteomuscular","Osteoporosis","114662AAAAAAAAAAAAAAAAAAAAAAAAAAAAAA","Osteoporosis","CATALOGO","100","OK",""
"osteomuscular","Fibromialgia","129122AAAAAAAAAAAAAAAAAAAAAAAAAAAAAA","Fibromialgia","CATALOGO","100","OK",""
"osteomuscular","Epicondilitis","136008AAAAAAAAAAAAAAAAAAAAAAAAAAAAAA","epicondilitis lateral","OPENMRS","88","OK","epicondilitis lateral (136008AAAAAAAAAAAAAAAAAAAAAAAAAAAAAA) [88] || epicondilitis del húmero (141162AAAAAAAAAAAAAAAAAAAAAAAAAAAAAA) [88] || Epitrocleítis (115861AAAAAAAAAAAAAAAAAAAAAAAAAAAAAA) [0]"
"osteomuscular","Síndrome del túnel carpiano","146127AAAAAAAAAAAAAAAAAAAAAAAAAAAAAA","síndrome del túnel carpiano","OPENMRS","100","OK",""
"osteomuscular","Artritis séptica","158606AAAAAAAAAAAAAAAAAAAAAAAAAAAAAA","Artritis séptica de la muñeca","OPENMRS","85","OK",""
"osteomuscular","Lupus eritematoso sistémico","112476AAAAAAAAAAAAAAAAAAAAAAAAAAAAAA","lupus eritematoso sistémico","OPENMRS","100","OK",""
"osteomuscular","Escoliosis","137880AAAAAAAAAAAAAAAAAAAAAAAAAAAAAA","escoliosis idiopática","OPENMRS","88","OK","escoliosis neuromuscular (152997AAAAAAAAAAAAAAAAAAAAAAAAAAAAAA) [88] || escoliosis adquirida (150000AAAAAAAAAAAAAAAAAAAAAAAAAAAAAA) [88] || escoliosis infantil idiopática resolutiva (127646AAAAAAAAAAAAAAAAAAAAAAAAAAAAAA) [88]"
"urologico","Infección urinaria baja (cistitis)","111633AAAAAAAAAAAAAAAAAAAAAAAAAAAAAA","infección urinaria","OPENMRS","85","OK",""
"urologico","Pielonefritis aguda","149554AAAAAAAAAAAAAAAAAAAAAAAAAAAAAA","Pielonefritis aguda","CATALOGO","100","OK",""
"urologico","Enfermedad renal crónica de causas no tradicionales (nefropatía mesoamericana)","6033AAAAAAAAAAAAAAAAAAAAAAAAAAAAAAAA","Enfermedad renal","OPENMRS","85","OK",""
"urologico","Enfermedad renal crónica (general)","120574AAAAAAAAAAAAAAAAAAAAAAAAAAAAAA","Enfermedad renal cronica","CATALOGO","100","OK",""
"urologico","Litiasis renal (urolitiasis)","116500AAAAAAAAAAAAAAAAAAAAAAAAAAAAAA","cálculo renal","OPENMRS","95","OK","hidronefrosis con litiasis obstructiva renal y ureteral (151946AAAAAAAAAAAAAAAAAAAAAAAAAAAAAA) [60] || litiasis pulmonar (128161AAAAAAAAAAAAAAAAAAAAAAAAAAAAAA) [30] || litiasis coledociana (144552AAAAAAAAAAAAAAAAAAAAAAAAAAAAAA) [30]"
"urologico","Cólico renoureteral","127707AAAAAAAAAAAAAAAAAAAAAAAAAAAAAA","cólico renal","OPENMRS","30","REVISAR","cólico abdominal (122713AAAAAAAAAAAAAAAAAAAAAAAAAAAAAA) [30] || cólico apendicular (148507AAAAAAAAAAAAAAAAAAAAAAAAAAAAAA) [30] || cólico ureteral (123542AAAAAAAAAAAAAAAAAAAAAAAAAAAAAA) [30]"
"urologico","Hiperplasia prostática benigna","121164AAAAAAAAAAAAAAAAAAAAAAAAAAAAAA","Hiperplasia prostatica benigna","CATALOGO","100","OK",""
"urologico","Prostatitis","113588AAAAAAAAAAAAAAAAAAAAAAAAAAAAAA","prostatitis","CATALOGO","100","OK",""
"urologico","Insuficiencia renal aguda","121852AAAAAAAAAAAAAAAAAAAAAAAAAAAAAA","insuficiencia renal aguda posterior al trabajo de parto Y/O parto","OPENMRS","85","OK",""
"urologico","Incontinencia urinaria","156439AAAAAAAAAAAAAAAAAAAAAAAAAAAAAA","Incontinencia urinaria funcional","OPENMRS","85","OK",""
"urologico","Glomerulonefritis aguda","122041AAAAAAAAAAAAAAAAAAAAAAAAAAAAAA","glomerulonefritis aguda","OPENMRS","100","OK",""
"urologico","Síndrome nefrótico","115303AAAAAAAAAAAAAAAAAAAAAAAAAAAAAA","síndrome nefrótico","OPENMRS","100","OK",""
"urologico","Vejiga neurogénica","115277AAAAAAAAAAAAAAAAAAAAAAAAAAAAAA","vejiga neurogénica","OPENMRS","100","OK",""
"urologico","Cáncer de próstata","128792AAAAAAAAAAAAAAAAAAAAAAAAAAAAAA","neoplasia maligna primaria de la próstata","OPENMRS","95","OK","antecedente familiar de cáncer de próstata (118193AAAAAAAAAAAAAAAAAAAAAAAAAAAAAA) [80] || Historia familiar de cáncer de colon (140531AAAAAAAAAAAAAAAAAAAAAAAAAAAAAA) [40] || Sospecha de cáncer de cuello de útero (159008AAAAAAAAAAAAAAAAAAAAAAAAAAAAAA) [40]"
"urologico","Hematuria","840AAAAAAAAAAAAAAAAAAAAAAAAAAAAAAAAA","Hematuria","OPENMRS","100","OK","Hematuria (840AAAAAAAAAAAAAAAAAAAAAAAAAAAAAAAAA) [100] || hematuria microscópica (134191AAAAAAAAAAAAAAAAAAAAAAAAAAAAAA) [88] || hematuria macroscópica (139813AAAAAAAAAAAAAAAAAAAAAAAAAAAAAA) [88]"
"urologico","Uretritis","111639AAAAAAAAAAAAAAAAAAAAAAAAAAAAAA","Uretritis","CATALOGO","100","OK",""
"urologico","Orquitis / epididimitis","114731AAAAAAAAAAAAAAAAAAAAAAAAAAAAAA","orquitis","OPENMRS","85","OK",""
"urologico","Disfunción eréctil","156162AAAAAAAAAAAAAAAAAAAAAAAAAAAAAA","Disfunción eréctil asociada con diabetes mellitus tipo 2","OPENMRS","85","OK",""
"endocrino","Hipotiroidismo","117321AAAAAAAAAAAAAAAAAAAAAAAAAAAAAA","Hipotiroidismo","CATALOGO","100","OK",""
"endocrino","Hipertiroidismo","138176AAAAAAAAAAAAAAAAAAAAAAAAAAAAAA","Hipertiroidismo","CATALOGO","100","OK",""
"endocrino","Bocio","117772AAAAAAAAAAAAAAAAAAAAAAAAAAAAAA","Bocio","CATALOGO","100","OK",""
"endocrino","Tiroiditis","112385AAAAAAAAAAAAAAAAAAAAAAAAAAAAAA","tiroiditis","OPENMRS","100","OK","tiroiditis (112385AAAAAAAAAAAAAAAAAAAAAAAAAAAAAA) [100] || tiroiditis infecciosa (137268AAAAAAAAAAAAAAAAAAAAAAAAAAAAAA) [88] || tiroiditis focal (140022AAAAAAAAAAAAAAAAAAAAAAAAAAAAAA) [88]"
"endocrino","Obesidad","112959AAAAAAAAAAAAAAAAAAAAAAAAAAAAAA","Obesidad","CATALOGO","100","OK",""
"endocrino","Síndrome metabólico","134262AAAAAAAAAAAAAAAAAAAAAAAAAAAAAA","Sindrome metabolico","CATALOGO","100","OK",""
"endocrino","Dislipidemia mixta","141623AAAAAAAAAAAAAAAAAAAAAAAAAAAAAA","dislipidemia","OPENMRS","85","OK",""
"endocrino","Hiperuricemia","138111AAAAAAAAAAAAAAAAAAAAAAAAAAAAAA","hiperuricemia","OPENMRS","100","OK","hiperuricemia (138111AAAAAAAAAAAAAAAAAAAAAAAAAAAAAA) [100] || hiperuricemia sin signos de artritis inflamatoria o enfermedad tofácea (151949AAAAAAAAAAAAAAAAAAAAAAAAAAAAAA) [88]"
"endocrino","Síndrome de Cushing","137919AAAAAAAAAAAAAAAAAAAAAAAAAAAAAA","síndrome de Cushing idiopático","OPENMRS","85","OK",""
"endocrino","Insuficiencia suprarrenal","137961AAAAAAAAAAAAAAAAAAAAAAAAAAAAAA","insuficiencia suprarrenal yatrogénica","OPENMRS","85","OK",""
"endocrino","Hiperprolactinemia","138218AAAAAAAAAAAAAAAAAAAAAAAAAAAAAA","hiperprolactinemia","OPENMRS","100","OK","hiperprolactinemia (138218AAAAAAAAAAAAAAAAAAAAAAAAAAAAAA) [100] || hiperprolactinemia transitoria (124316AAAAAAAAAAAAAAAAAAAAAAAAAAAAAA) [88] || hiperprolactinemia idiopática (137897AAAAAAAAAAAAAAAAAAAAAAAAAAAAAA) [88]"
"endocrino","Deficiencia de vitamina D","117431AAAAAAAAAAAAAAAAAAAAAAAAAAAAAA","hiperparatiroidismo secundario a deficiencia de vitamina D","OPENMRS","80","OK","hiperparatiroidismo secundario a deficiencia de vitamina D (117431AAAAAAAAAAAAAAAAAAAAAAAAAAAAAA) [80] || deficiencia de vitamina B6 (123041AAAAAAAAAAAAAAAAAAAAAAAAAAAAAA) [45] || deficiencia de vitamina B2 (148475AAAAAAAAAAAAAAAAAAAAAAAAAAAAAA) [45]"
"endocrino","Hipogonadismo","117346AAAAAAAAAAAAAAAAAAAAAAAAAAAAAA","hipogonadismo","OPENMRS","100","OK","hipogonadismo (117346AAAAAAAAAAAAAAAAAAAAAAAAAAAAAA) [100] || hipogonadismo con anosmia (138059AAAAAAAAAAAAAAAAAAAAAAAAAAAAAA) [88] || hipogonadismo masculino (128476AAAAAAAAAAAAAAAAAAAAAAAAAAAAAA) [88]"
"neurologico","Cefalea tensional","159030AAAAAAAAAAAAAAAAAAAAAAAAAAAAAA","Cefalea tensional","CATALOGO","100","OK",""
"neurologico","Migraña","115779AAAAAAAAAAAAAAAAAAAAAAAAAAAAAA","Migrana","CATALOGO","100","OK",""
"neurologico","Epilepsia","155AAAAAAAAAAAAAAAAAAAAAAAAAAAAAAAAA","Epilepsia","CATALOGO","100","OK",""
"neurologico","Crisis convulsiva febril","140485AAAAAAAAAAAAAAAAAAAAAAAAAAAAAA","convulsión febril","OPENMRS","95","OK","crisis convulsiva generalizada (110050AAAAAAAAAAAAAAAAAAAAAAAAAAAAAA) [40] || Crisis afectiva (161036AAAAAAAAAAAAAAAAAAAAAAAAAAAAAA) [20] || crisis convulsivantes disociativas (118888AAAAAAAAAAAAAAAAAAAAAAAAAAAAAA) [20]"
"neurologico","Estado epiléptico","125943AAAAAAAAAAAAAAAAAAAAAAAAAAAAAA","Estado epileptico","CATALOGO","100","OK",""
"neurologico","Neuralgia del trigémino","129405AAAAAAAAAAAAAAAAAAAAAAAAAAAAAA","neuralgia del trigémino postherpética","OPENMRS","85","OK",""
"neurologico","Neuropatía periférica","117299AAAAAAAAAAAAAAAAAAAAAAAAAAAAAA","neuropatía periférica idiopática","OPENMRS","85","OK",""
"neurologico","Parálisis facial periférica (Bell)","140816AAAAAAAAAAAAAAAAAAAAAAAAAAAAAA","parálisis facial","OPENMRS","85","OK",""
"neurologico","Enfermedad de Parkinson","130795AAAAAAAAAAAAAAAAAAAAAAAAAAAAAA","Enfermedad de Parkinson","CATALOGO","100","OK",""
"neurologico","Demencia / Alzheimer","119566AAAAAAAAAAAAAAAAAAAAAAAAAAAAAA","demencia","OPENMRS","85","OK",""
"neurologico","Secuela de ACV (hemiparesia)","138961AAAAAAAAAAAAAAAAAAAAAAAAAAAAAA","hemiparesia","OPENMRS","72","REVISAR","hemiparesia (138961AAAAAAAAAAAAAAAAAAAAAAAAAAAAAA) [72] || Secuela ocasionada por fractura de fémur (158774AAAAAAAAAAAAAAAAAAAAAAAAAAAAAA) [40] || secuela de tuberculosis (113024AAAAAAAAAAAAAAAAAAAAAAAAAAAAAA) [40]"
"neurologico","Vértigo periférico","114207AAAAAAAAAAAAAAAAAAAAAAAAAAAAAA","vértigo periférico","OPENMRS","100","OK",""
"neurologico","Meningitis bacteriana","121255AAAAAAAAAAAAAAAAAAAAAAAAAAAAAA","Meningitis bacteriana","CATALOGO","100","OK",""
"neurologico","Meningitis viral","122518AAAAAAAAAAAAAAAAAAAAAAAAAAAAAA","meningitis viral","OPENMRS","100","OK",""
"neurologico","Encefalitis","165925AAAAAAAAAAAAAAAAAAAAAAAAAAAAAA","Encefalitis","OPENMRS","100","OK","Encefalitis (165925AAAAAAAAAAAAAAAAAAAAAAAAAAAAAA) [100] || encefalitis sifilítica (125117AAAAAAAAAAAAAAAAAAAAAAAAAAAAAA) [88] || encefalitis enteroviral (152155AAAAAAAAAAAAAAAAAAAAAAAAAAAAAA) [88]"
"neurologico","Neurocisticercosis","110508AAAAAAAAAAAAAAAAAAAAAAAAAAAAAA","cisticercosis cerebral","OPENMRS","0","REVISAR","cisticercosis cerebral (110508AAAAAAAAAAAAAAAAAAAAAAAAAAAAAA) [0]"
"neurologico","Esclerosis múltiple","133687AAAAAAAAAAAAAAAAAAAAAAAAAAAAAA","esclerosis múltiple","OPENMRS","100","OK",""
"neurologico","Polineuropatía alcohólica","149148AAAAAAAAAAAAAAAAAAAAAAAAAAAAAA","polineuropatía alcohólica","OPENMRS","100","OK",""
"neurologico","Temblor esencial","140980AAAAAAAAAAAAAAAAAAAAAAAAAAAAAA","temblor esencial","OPENMRS","100","OK",""
"neurologico","Cefalea en racimos","139084AAAAAAAAAAAAAAAAAAAAAAAAAAAAAA","cefalea","OPENMRS","85","OK",""
"dermatologico","Dermatitis atópica","164107AAAAAAAAAAAAAAAAAAAAAAAAAAAAAA","Dermatitis atopica","CATALOGO","100","OK",""
"dermatologico","Dermatitis de contacto","119895AAAAAAAAAAAAAAAAAAAAAAAAAAAAAA","Dermatitis de contacto","CATALOGO","100","OK",""
"dermatologico","Dermatitis seborreica","113114AAAAAAAAAAAAAAAAAAAAAAAAAAAAAA","dermatitis seborreica","OPENMRS","100","OK",""
"dermatologico","Acné vulgar","150126AAAAAAAAAAAAAAAAAAAAAAAAAAAAAA","acné vulgar","CATALOGO","100","OK",""
"dermatologico","Escabiosis (sarna)","140AAAAAAAAAAAAAAAAAAAAAAAAAAAAAAAAA","Escabiosis","CATALOGO","100","OK",""
"dermatologico","Tiña corporal (dermatofitosis)","119506AAAAAAAAAAAAAAAAAAAAAAAAAAAAAA","dermatofitosis","OPENMRS","72","REVISAR","dermatofitosis (119506AAAAAAAAAAAAAAAAAAAAAAAAAAAAAA) [72] || tiña por Epidermophyton floccosum (124644AAAAAAAAAAAAAAAAAAAAAAAAAAAAAA) [30] || tiña crural (124647AAAAAAAAAAAAAAAAAAAAAAAAAAAAAA) [30]"
"dermatologico","Tiña pedis (pie de atleta)","124637AAAAAAAAAAAAAAAAAAAAAAAAAAAAAA","tiña de los pies","OPENMRS","30","REVISAR","tiña por Epidermophyton floccosum (124644AAAAAAAAAAAAAAAAAAAAAAAAAAAAAA) [30] || tiña de barba (112366AAAAAAAAAAAAAAAAAAAAAAAAAAAAAA) [30] || tiña crural (124647AAAAAAAAAAAAAAAAAAAAAAAAAAAAAA) [30]"
"dermatologico","Onicomicosis","132387AAAAAAAAAAAAAAAAAAAAAAAAAAAAAA","Onicomicosis","CATALOGO","100","OK",""
"dermatologico","Candidiasis cutánea","120939AAAAAAAAAAAAAAAAAAAAAAAAAAAAAA","Candidiasis","OPENMRS","85","OK",""
"dermatologico","Impétigo","137693AAAAAAAAAAAAAAAAAAAAAAAAAAAAAA","Impetigo","CATALOGO","100","OK",""
"dermatologico","Foliculitis / forunculosis","139998AAAAAAAAAAAAAAAAAAAAAAAAAAAAAA","foliculitis","OPENMRS","85","OK",""
"dermatologico","Urticaria","123468AAAAAAAAAAAAAAAAAAAAAAAAAAAAAA","Urticaria","CATALOGO","100","OK",""
"dermatologico","Psoriasis","128249AAAAAAAAAAAAAAAAAAAAAAAAAAAAAA","Psoriasis","CATALOGO","100","OK",""
"dermatologico","Vitiligo","111459AAAAAAAAAAAAAAAAAAAAAAAAAAAAAA","vitiligo","OPENMRS","100","OK","vitiligo (111459AAAAAAAAAAAAAAAAAAAAAAAAAAAAAA) [100] || vitiligo del párpado (123024AAAAAAAAAAAAAAAAAAAAAAAAAAAAAA) [88] || vitiligo del iris (123025AAAAAAAAAAAAAAAAAAAAAAAAAAAAAA) [88]"
"dermatologico","Verrugas virales","123583AAAAAAAAAAAAAAAAAAAAAAAAAAAAAA","Verrugas Virales, No Especificadas","OPENMRS","85","OK",""
"dermatologico","Herpes simple labial","138706AAAAAAAAAAAAAAAAAAAAAAAAAAAAAA","herpes simple","OPENMRS","85","OK",""
"dermatologico","Herpes zóster","117543AAAAAAAAAAAAAAAAAAAAAAAAAAAAAA","Herpes zoster","CATALOGO","100","OK",""
"dermatologico","Celulitis","110929AAAAAAAAAAAAAAAAAAAAAAAAAAAAAA","Celulitis (infeccion de piel)","CATALOGO","100","OK",""
"dermatologico","Quemadura solar","112583AAAAAAAAAAAAAAAAAAAAAAAAAAAAAA","Quemadura solar","CATALOGO","100","OK",""
"dermatologico","Larva migrans cutánea","143077AAAAAAAAAAAAAAAAAAAAAAAAAAAAAA","larva migratoria cutánea","OPENMRS","40","REVISAR","larva migratoria cutánea por Ancylostoma caninum (143075AAAAAAAAAAAAAAAAAAAAAAAAAAAAAA) [40] || larva migratoria cutánea por Ancylostoma braziliense (143076AAAAAAAAAAAAAAAAAAAAAAAAAAAAAA) [40] || larva migratoria cutánea (143077AAAAAAAAAAAAAAAAAAAAAAAAAAAAAA) [40]"
"dermatologico","Pitiriasis versicolor","130156AAAAAAAAAAAAAAAAAAAAAAAAAAAAAA","pitiriasis","OPENMRS","85","OK",""
"dermatologico","Melasma","145659AAAAAAAAAAAAAAAAAAAAAAAAAAAAAA","melasma","OPENMRS","100","OK","melasma (145659AAAAAAAAAAAAAAAAAAAAAAAAAAAAAA) [100] || melasma gravídico (134395AAAAAAAAAAAAAAAAAAAAAAAAAAAAAA) [88] || melasma idiopático (137929AAAAAAAAAAAAAAAAAAAAAAAAAAAAAA) [88]"
"dermatologico","Cáncer de piel (no melanoma)","159351AAAAAAAAAAAAAAAAAAAAAAAAAAAAAA","Neoplasia maligna de piel","OPENMRS","95","OK","antecedente familiar de cáncer de próstata (118193AAAAAAAAAAAAAAAAAAAAAAAAAAAAAA) [40] || Historia familiar de cáncer de colon (140531AAAAAAAAAAAAAAAAAAAAAAAAAAAAAA) [40] || Sospecha de cáncer de cuello de útero (159008AAAAAAAAAAAAAAAAAAAAAAAAAAAAAA) [40]"
"dermatologico","Picadura/reacción a insectos","149085AAAAAAAAAAAAAAAAAAAAAAAAAAAAAA","reacción alérgica a las picaduras de insecto","OPENMRS","30","REVISAR","reacción a una transfusión, causada por anticuerpo plaquetario (124346AAAAAAAAAAAAAAAAAAAAAAAAAAAAAA) [30] || reacción a la transfusión de sangre (147119AAAAAAAAAAAAAAAAAAAAAAAAAAAAAA) [30] || reacción a una transfusión, causada por error administrativo (124353AAAAAAAAAAAAAAAAAAAAAAAAAAAAAA) [30]"
"salud_mental","Trastorno depresivo mayor","119536AAAAAAAAAAAAAAAAAAAAAAAAAAAAAA","Trastorno depresivo mayor","CATALOGO","100","OK",""
"salud_mental","Trastorno de ansiedad generalizada","139545AAAAAAAAAAAAAAAAAAAAAAAAAAAAAA","trastorno de ansiedad generalizada","CATALOGO","100","OK",""
"salud_mental","Trastorno de pánico","130966AAAAAAAAAAAAAAAAAAAAAAAAAAAAAA","Trastorno de panico","CATALOGO","100","OK",""
"salud_mental","Trastorno de estrés postraumático","129286AAAAAAAAAAAAAAAAAAAAAAAAAAAAAA","trastorno de estrés postraumático, inicio tardío","OPENMRS","85","OK",""
"salud_mental","Trastorno bipolar","110987AAAAAAAAAAAAAAAAAAAAAAAAAAAAAA","trastorno bipolar","CATALOGO","100","OK",""
"salud_mental","Esquizofrenia","113155AAAAAAAAAAAAAAAAAAAAAAAAAAAAAA","Esquizofrenia","CATALOGO","100","OK",""
"salud_mental","Trastorno por consumo de alcohol","121712AAAAAAAAAAAAAAAAAAAAAAAAAAAAAA","Trastorno por consumo de alcohol","CATALOGO","100","OK",""
"salud_mental","Trastorno por consumo de sustancias","113555AAAAAAAAAAAAAAAAAAAAAAAAAAAAAA","trastorno por consumo de sustancias psicoactivas","OPENMRS","85","OK",""
"salud_mental","Insomnio","116743AAAAAAAAAAAAAAAAAAAAAAAAAAAAAA","Insomnio","CATALOGO","100","OK",""
"salud_mental","Trastorno depresivo posparto","127803AAAAAAAAAAAAAAAAAAAAAAAAAAAAAA","trastorno depresivo mayor recurrente de inicio en el período postparto","OPENMRS","40","REVISAR","trastorno depresivo menor (134111AAAAAAAAAAAAAAAAAAAAAAAAAAAAAA) [40] || trastorno depresivo breve recurrente (127839AAAAAAAAAAAAAAAAAAAAAAAAAAAAAA) [40] || trastorno depresivo mayor, un solo episodio de inicio en el período postparto (135377AAAAAAAAAAAAAAAAAAAAAAAAAAAAAA) [40]"
"salud_mental","Trastorno de adaptación","121792AAAAAAAAAAAAAAAAAAAAAAAAAAAAAA","trastorno de adaptación","OPENMRS","100","OK",""
"salud_mental","Trastorno obsesivo-compulsivo","132611AAAAAAAAAAAAAAAAAAAAAAAAAAAAAA","Trastorno obsesivo-compulsivo","OPENMRS","100","OK",""
"salud_mental","Demencia con trastorno conductual","119566AAAAAAAAAAAAAAAAAAAAAAAAAAAAAA","demencia","OPENMRS","85","OK",""
"salud_mental","Trastorno por déficit de atención/hiperactividad","148142AAAAAAAAAAAAAAAAAAAAAAAAAAAAAA","trastorno por déficit de atención con hiperactividad, tipo combinado","OPENMRS","60","REVISAR","trastorno por déficit de atención con hiperactividad, con predominio del déficit de atención (121317AAAAAAAAAAAAAAAAAAAAAAAAAAAAAA) [60] || trastorno por déficit de atención con hiperactividad, tipo combinado (148142AAAAAAAAAAAAAAAAAAAAAAAAAAAAAA) [60] || trastorno por déficit de atención en la infancia (145695AAAAAAAAAAAAAAAAAAAAAAAAAAAAAA) [50]"
"salud_mental","Conducta suicida / autolesión","112412AAAAAAAAAAAAAAAAAAAAAAAAAAAAAA","Conducta suicida","OPENMRS","85","OK",""
"salud_mental","Trastorno de la conducta alimentaria","118762AAAAAAAAAAAAAAAAAAAAAAAAAAAAAA","trastorno de la conducta alimentaria","OPENMRS","100","OK",""
"salud_mental","Trastorno somatomorfo","112874AAAAAAAAAAAAAAAAAAAAAAAAAAAAAA","trastorno somatomorfo","OPENMRS","100","OK",""
"salud_mental","Duelo complicado","139251AAAAAAAAAAAAAAAAAAAAAAAAAAAAAA","duelo por evento del ciclo vital","OPENMRS","95","OK","Asesoramiento para sobrellevar el duelo (163317AAAAAAAAAAAAAAAAAAAAAAAAAAAAAA) [30] || duelo por evento del ciclo vital (139251AAAAAAAAAAAAAAAAAAAAAAAAAAAAAA) [30] || Asesoramiento sobre duelo (155286AAAAAAAAAAAAAAAAAAAAAAAAAAAAAA) [30]"
"ginecoobstetrico","Embarazo normal (control prenatal)","132678AAAAAAAAAAAAAAAAAAAAAAAAAAAAAA","embarazo normal","OPENMRS","100","OK",""
"ginecoobstetrico","Amenaza de aborto","112415AAAAAAAAAAAAAAAAAAAAAAAAAAAAAA","Amenaza de aborto","CATALOGO","100","OK",""
"ginecoobstetrico","Aborto espontáneo","126127AAAAAAAAAAAAAAAAAAAAAAAAAAAAAA","Aborto espontaneo","CATALOGO","100","OK",""
"ginecoobstetrico","Preeclampsia","134138AAAAAAAAAAAAAAAAAAAAAAAAAAAAAA","Preeclampsia","CATALOGO","100","OK",""
"ginecoobstetrico","Eclampsia","118744AAAAAAAAAAAAAAAAAAAAAAAAAAAAAA","Eclampsia","CATALOGO","100","OK",""
"ginecoobstetrico","Hemorragia posparto","130732AAAAAAAAAAAAAAAAAAAAAAAAAAAAAA","hemorragia posparto asociada con hipofibrinogenemia","OPENMRS","85","OK",""
"ginecoobstetrico","Diabetes gestacional","1449AAAAAAAAAAAAAAAAAAAAAAAAAAAAAAAA","Diabetes gestacional","OPENMRS","100","OK",""
"ginecoobstetrico","Infección urinaria en el embarazo","123491AAAAAAAAAAAAAAAAAAAAAAAAAAAAAA","infección urinaria en el embarazo","CATALOGO","100","OK",""
"ginecoobstetrico","Vaginosis bacteriana","148002AAAAAAAAAAAAAAAAAAAAAAAAAAAAAA","Vaginosis bacteriana","CATALOGO","100","OK",""
"ginecoobstetrico","Candidiasis vaginal","298AAAAAAAAAAAAAAAAAAAAAAAAAAAAAAAAA","Candidiasis vaginal","CATALOGO","100","OK",""
"ginecoobstetrico","Tricomoniasis","123384AAAAAAAAAAAAAAAAAAAAAAAAAAAAAA","tricomoniasis vaginal","OPENMRS","88","OK","tricomoniasis vaginal (123384AAAAAAAAAAAAAAAAAAAAAAAAAAAAAA) [88] || Exposición a tricomoniasis genital (110227AAAAAAAAAAAAAAAAAAAAAAAAAAAAAA) [80] || Trichomoniasis of other specified sites (117147AAAAAAAAAAAAAAAAAAAAAAAAAAAAAA) [0]"
"ginecoobstetrico","Enfermedad pélvica inflamatoria","152170AAAAAAAAAAAAAAAAAAAAAAAAAAAAAA","enfermedad pélvica inflamatoria, sifilítica, femenina","OPENMRS","85","OK",""
"ginecoobstetrico","Dismenorrea","118793AAAAAAAAAAAAAAAAAAAAAAAAAAAAAA","Dismenorrea","CATALOGO","100","OK",""
"ginecoobstetrico","Síndrome de ovario poliquístico","","(sin concepto limpio en la instancia: verificar/crear manualmente)","NO_ENCONTRADO","0","FALTA","síndrome de leprechaunismo (135899AAAAAAAAAAAAAAAAAAAAAAAAAAAAAA) [30] || síndrome de Lofgrens (135641AAAAAAAAAAAAAAAAAAAAAAAAAAAAAA) [30] || síndrome de Leriche (135891AAAAAAAAAAAAAAAAAAAAAAAAAAAAAA) [30]"
"ginecoobstetrico","Miomatosis uterina","123455AAAAAAAAAAAAAAAAAAAAAAAAAAAAAA","leiomioma del útero","OPENMRS","95","OK",""
"ginecoobstetrico","Quiste ovárico","119702AAAAAAAAAAAAAAAAAAAAAAAAAAAAAA","quiste ovárico","OPENMRS","100","OK",""
"ginecoobstetrico","Menopausia / climaterio","134346AAAAAAAAAAAAAAAAAAAAAAAAAAAAAA","menopausia","OPENMRS","85","OK",""
"ginecoobstetrico","Sangrado uterino anormal","141631AAAAAAAAAAAAAAAAAAAAAAAAAAAAAA","sangrado uterino disfuncional","OPENMRS","40","REVISAR","sangrado vaginal anormal (150802AAAAAAAAAAAAAAAAAAAAAAAAAAAAAA) [40] || sangrado uterino disfuncional (141631AAAAAAAAAAAAAAAAAAAAAAAAAAAAAA) [40] || sangrado intermenstrual irregular (136758AAAAAAAAAAAAAAAAAAAAAAAAAAAAAA) [20]"
"ginecoobstetrico","Cáncer cervicouterino","133207AAAAAAAAAAAAAAAAAAAAAAAAAAAAAA","neoplasia del cuello uterino","OPENMRS","95","OK","Cancer disease status (163050AAAAAAAAAAAAAAAAAAAAAAAAAAAAAA) [30] || Cancer marker panel (161497AAAAAAAAAAAAAAAAAAAAAAAAAAAAAA) [30] || TNM cancer classification (160817AAAAAAAAAAAAAAAAAAAAAAAAAAAAAA) [30]"
"ginecoobstetrico","Cáncer de mama","113753AAAAAAAAAAAAAAAAAAAAAAAAAAAAAA","neoplasia maligna de mama femenina","OPENMRS","95","OK","antecedente familiar de cáncer de próstata (118193AAAAAAAAAAAAAAAAAAAAAAAAAAAAAA) [40] || Historia familiar de cáncer de colon (140531AAAAAAAAAAAAAAAAAAAAAAAAAAAAAA) [40] || Laparotomía para estadificación del cáncer de ovario (166924AAAAAAAAAAAAAAAAAAAAAAAAAAAAAA) [40]"
"ginecoobstetrico","Lesión por VPH (displasia cervical)","145806AAAAAAAAAAAAAAAAAAAAAAAAAAAAAA","neoplasia intraepitelial cervical grado III con displasia severa","OPENMRS","95","OK","lesión por guerra biológica (137104AAAAAAAAAAAAAAAAAAAAAAAAAAAAAA) [40] || Lesión por elemento punzante (164838AAAAAAAAAAAAAAAAAAAAAAAAAAAAAA) [40] || feto con lesión por radiación (140243AAAAAAAAAAAAAAAAAAAAAAAAAAAAAA) [40]"
"ginecoobstetrico","Mastitis puerperal","134615AAAAAAAAAAAAAAAAAAAAAAAAAAAAAA","Mastitis","OPENMRS","85","OK",""
"ginecoobstetrico","Ruptura prematura de membranas","129211AAAAAAAAAAAAAAAAAAAAAAAAAAAAAA","Ruptura prematura de membranas","OPENMRS","100","OK",""
"ginecoobstetrico","Parto pretérmino","129218AAAAAAAAAAAAAAAAAAAAAAAAAAAAAA","parto prematuro","OPENMRS","95","OK","ictericia neonatal asociada con parto de pretérmino (133391AAAAAAAAAAAAAAAAAAAAAAAAAAAAAA) [60] || Asistente de parto (1573AAAAAAAAAAAAAAAAAAAAAAAAAAAAAAAA) [30] || parto prematuro (129218AAAAAAAAAAAAAAAAAAAAAAAAAAAAAA) [30]"
"ginecoobstetrico","Anemia en el embarazo","121629AAAAAAAAAAAAAAAAAAAAAAAAAAAAAA","Anemia","OPENMRS","85","OK",""
"ginecoobstetrico","Hiperémesis gravídica","111167AAAAAAAAAAAAAAAAAAAAAAAAAAAAAA","hiperemesis gravídica","OPENMRS","100","OK",""
"ginecoobstetrico","Endometriosis","118631AAAAAAAAAAAAAAAAAAAAAAAAAAAAAA","endometriosis (trastorno clínico)","CATALOGO","100","OK",""
"trauma","Herida por arma blanca","159328AAAAAAAAAAAAAAAAAAAAAAAAAAAAAA","Herida","OPENMRS","85","OK",""
"trauma","Herida por arma de fuego","159328AAAAAAAAAAAAAAAAAAAAAAAAAAAAAA","Herida","OPENMRS","85","OK",""
"trauma","Politraumatismo por accidente de tránsito","123153AAAAAAAAAAAAAAAAAAAAAAAAAAAAAA","víctima de traumatismo con heridas múltiples","OPENMRS","95","OK",""
"trauma","Fractura de miembro superior","117972AAAAAAAAAAAAAAAAAAAAAAAAAAAAAA","Fractura de miembro superior","OPENMRS","100","OK",""
"trauma","Fractura de miembro inferior","177AAAAAAAAAAAAAAAAAAAAAAAAAAAAAAAAA","Fractura","OPENMRS","85","OK",""
"trauma","Fractura de cadera","120466AAAAAAAAAAAAAAAAAAAAAAAAAAAAAA","fractura de cadera, no expuesta","OPENMRS","85","OK",""
"trauma","Traumatismo craneoencefálico","116838AAAAAAAAAAAAAAAAAAAAAAAAAAAAAA","Traumatismo craneoencefalico","CATALOGO","100","OK",""
"trauma","Esguinces y luxaciones","112770AAAAAAAAAAAAAAAAAAAAAAAAAAAAAA","Esguince","OPENMRS","85","OK",""
"trauma","Herida cortante (laceración)","137655AAAAAAAAAAAAAAAAAAAAAAAAAAAAAA","herida cortante","OPENMRS","100","OK",""
"trauma","Quemadura térmica","124923AAAAAAAAAAAAAAAAAAAAAAAAAAAAAA","quemadura térmica","CATALOGO","100","OK",""
"trauma","Quemadura eléctrica","141406AAAAAAAAAAAAAAAAAAAAAAAAAAAAAA","quemadura eléctrica de la piel","OPENMRS","85","OK",""
"trauma","Contusión / hematoma","119868AAAAAAAAAAAAAAAAAAAAAAAAAAAAAA","contusión","OPENMRS","85","OK",""
"trauma","Mordedura de perro","166AAAAAAAAAAAAAAAAAAAAAAAAAAAAAAAAA","mordedura de perro","OPENMRS","100","OK",""
"trauma","Mordedura de serpiente (ofidismo)","126323AAAAAAAAAAAAAAAAAAAAAAAAAAAAAA","mordedura de serpiente","OPENMRS","100","OK",""
"trauma","Picadura de alacrán","129661AAAAAAAAAAAAAAAAAAAAAAAAAAAAAA","envenenamiento por picadura de escorpión","OPENMRS","95","OK","picadura de centípodo (145966AAAAAAAAAAAAAAAAAAAAAAAAAAAAAA) [40] || picadura de insecto venenoso (129590AAAAAAAAAAAAAAAAAAAAAAAAAAAAAA) [40] || Picadura de medusa (157403AAAAAAAAAAAAAAAAAAAAAAAAAAAAAA) [40]"
"trauma","Trauma ocular","157482AAAAAAAAAAAAAAAAAAAAAAAAAAAAAA","Lesión ocular","OPENMRS","95","OK","glaucoma secundario a trauma ocular (156505AAAAAAAAAAAAAAAAAAAAAAAAAAAAAA) [80] || lesión traumática del nervio motor ocular externo (124192AAAAAAAAAAAAAAAAAAAAAAAAAAAAAA) [30] || glaucoma asociado con traumatismo ocular (139430AAAAAAAAAAAAAAAAAAAAAAAAAAAAAA) [30]"
"trauma","Cuerpo extraño en vía aérea","118102AAAAAAAAAAAAAAAAAAAAAAAAAAAAAA","cuerpo extraño","OPENMRS","85","OK",""
"trauma","Intoxicación por plaguicidas","114182AAAAAAAAAAAAAAAAAAAAAAAAAAAAAA","intoxicación por plaguicida","OPENMRS","85","OK",""
"trauma","Ahogamiento / casi ahogamiento","141768AAAAAAAAAAAAAAAAAAAAAAAAAAAAAA","ahogamiento","OPENMRS","85","OK",""
"trauma","Caída de altura","118349AAAAAAAAAAAAAAAAAAAAAAAAAAAAAA","caída","OPENMRS","85","OK",""
"trauma","Trauma de tórax","","(sin concepto limpio en la instancia: verificar/crear manualmente)","NO_ENCONTRADO","0","FALTA","lesión traumática de vasos sanguíneos múltiples del tórax (136970AAAAAAAAAAAAAAAAAAAAAAAAAAAAAA) [40] || amputación traumática de parte del tórax (152397AAAAAAAAAAAAAAAAAAAAAAAAAAAAAA) [40] || efecto tardío de una lesión traumática de los vasos sanguíneos del tórax, el abdomen Y/O la pelvis (136088AAAAAAAAAAAAAAAAAAAAAAAAAAAAAA) [40]"
"trauma","Trauma abdominal","","(sin concepto limpio en la instancia: verificar/crear manualmente)","NO_ENCONTRADO","0","FALTA","lesión traumática de ovario con herida abierta en cavidad abdominal (136943AAAAAAAAAAAAAAAAAAAAAAAAAAAAAA) [30] || lesión traumática de la aorta abdominal (137087AAAAAAAAAAAAAAAAAAAAAAAAAAAAAA) [30] || Obstetrical trauma (112215AAAAAAAAAAAAAAAAAAAAAAAAAAAAAA) [30]"
